decile,customers,predicted_mean,actual_mean,actual_total,lift_vs_average,share_of_actual_value
1,150,2888.68173729272,3291.6549333333332,493748.24,5.093074652144991,0.512381755748993
2,149,1030.2519477970454,1080.6618120805367,161018.61,1.6720741979703428,0.16709527531695578
3,149,638.4229570036746,592.1836912751678,88235.37,0.916267290627875,0.091565275857514
4,149,474.6296135802363,419.43771812080536,62496.22,0.6489828531787606,0.06485475863422893
5,149,362.55896168704703,293.81637583892615,43778.64,0.4546128821148833,0.045430797743204306
6,149,282.4697058435252,260.01322147651007,38741.97,0.40231031938197137,0.040204049354737585
7,149,206.89577832242733,196.12187919463088,29222.16,0.3034532452178108,0.030324972191451246
8,149,166.9833873731459,129.52926174496645,19299.86,0.20041657253431702,0.020028215498063873
9,149,131.21188316908774,105.91724832214766,15781.67,0.1638824432025753,0.01637725287537473
10,149,85.56471127515081,75.9113422818792,11310.79,0.11745524394764666,0.011737646779476427
